,quetions,answers
0,what else did he win?," a club-record 34 trophies, including ten la liga titles, seven copa del rey titles and the "
1,"besides barcelona and inter miami, what other teams has he played for?"," barcelona, where he won a club-record 34 troph"
2,any other records?," a prolific goalscorer and creative playmaker, messi holds the records for most goals in la liga (474), most hat-tricks in"
3,what other records did he set?, most assists in la liga (192) and the copa america (17). he also has the most international goals by a south american male
4,where did he play for the argentine team?, cannotanswer (spanish pronunciation: [ljonel andes mesi
5,when did he leave barcelona?," he had spent his entire professional career with barcelona, where he won a club-record 34 trophies"
6,when was he born?," born 24 june 1987), also known as leo messi, is an argentine professional footballer who plays as a forward for and captain"
7,what else did he do for the team?, he also has the most international goals by a south american male (103). he also has the most international goals by a
8,what else did he win?," he won a club-record 34 trophies, including ten la liga titles, seven copa del rey titles"
9,what is the most important fact in this article?," widely regarded as one of the greatest players of all time, messi has won a record seven ballon d'or awards"
10,what else is interesting?," messi has been named to the ballon d'or dream team. until leaving the club in 2021, he had spent his entire professional career with"
11,"in addition to the uefa champions league, what other records did he hold?", most hat-tricks in la liga (36) and the u
12,"besides the uefa champions league, did he play for any other team?", he also had the most international goals by a south american male (103).
13,who did he play for," barcelona, where he won a club-record 34 trophies, including ten la liga titles, seven copa de"
14,what position does he play?, a forward for and captains both major league soccer club inter miami and the argentine national team. widely regarded as one of the greatest
15,who is he?," a prolific goalscorer and creative playmaker, messi holds the records for most goals in la liga (474), most hat-tricks"
16,what else is notable about his career?, he also has the most international goals by a south american male (103). messi has scored over 800 senior career goals for club and country
17,what other records did he hold?," he has won a record seven ballon d'or awards and a record six european golden shoes, and in 2020 he was"
18,what other records did he hold?, most assists in la liga (192) and the copa america (17). he also has the most international goals by a south american male
19,who is lionel andrés messi?, argentine professional footballer who plays as a forward for and captains both major league soccer club inter miami and the 
20,is there any other interesting information?," until leaving the club in 2021, he had spent his entire professional career with barcelona, where he won a club-re"
21,"besides the barcelona team, did he play for any other teams?"," he had spent his entire professional career with barcelona, where he won a"
22,when did he leave barcelona," he had spent his entire professional career with barcelona, where he won a club-record 34 trophies,"
23,"besides the ballon d'or awards, did he win any other honors?", in 2020 he was named to the ballon d'or dream team.
24,what else did he do in his career?, he also has the most international goals by a south american male (103). messi has scored over 800 senior career goals for club
25,"besides barcelona and inter miami, what other teams has he played for?", argentina national team. widely regarded as one of the greatest players of all
26,"besides the ballon d'or, what else did he win?"," a record six european golden shoes, and in 2020 he was named to the ballon d"
27,what other records did he set?," he has scored over 800 senior career goals for club and country, and has the most goals by a player for a single club (67"
28,when did he play?, lionel andrés messi (spanish pronunciation: [ljonel andes mesi
29,what else is interesting about his legacy?," he has won a record seven ballon d'or awards and a record six european golden shoes, and in 2020 he was"
30,what else is interesting about his playing career?," messi has won a record seven ballon d'or awards and a record six european golden shoes, and in 2020 he"
31,what other records does he hold?," most hat-tricks in la liga (36) and the uefa champions league (eight), and most assists"
32,when did he leave barcelona?," until leaving the club in 2021, he had spent his entire professional career with barcelona, where he won a"
33,who is messi?, lionel andres messi (spanish pronunciation: [lljonel andes mesi
34,in his early career did he receive any awards or recognition?," a prolific goalscorer and creative playmaker, messi holds the records for most goals in la liga (474"
35,who is he playing for," argentina national team. widely regarded as one of the greatest players of all time, messi has won a record seven ballon d"
36,he is also known as what?," also known as leo messi, is an argentine professional footballer who plays as a forward for and captains both major league"
37,"in addition to the ballon d'or and golden shoes, what else did he win?"," a record six european golden shoes, and in 2020 he was named to the"
38,what team did he play for?," barcelona,"
39,"besides the uefa champions league, what other records did he set?"," a prolific goalscorer and creative playmaker, messi holds the records for most"
40,who was messi's coach?, he also had the most international goals by a south american male (103). he also has the most international goals by a south american
41,what else did he accomplish?," he also has the most international goals by a south american male (103). he has scored over 800 senior career goals for club and country,"
42,where did he go after that?," he had been named to the ballon d'or dream team. until leaving the club in 2021, he had spent his entire"
43,"besides the ballon d'or awards, what else did he win"," a record six european golden shoes, and in 2020 he was named to the ballon d"
44,when did he join barcelona?," until leaving the club in 2021, he had spent his entire professional career with barcelona, where he won a"
45,who else did he play for?," argentina national team. widely regarded as one of the greatest players of all time, messi has won a record seven ballon"
46,"besides the ballon d'or awards and golden shoes, did he win any other honors?", he also has the most international goals by a south american male (
47,where did he play?, argentine professional footballer who plays as a forward for and captains both major league soccer club inter miami and the argentine national team.
48,he has won a record of how many goals he has scored?, messi has won a record seven ballon d'or awards and a record six european golden
49,"besides barcelona, did he play for any other teams?"," he had spent his entire professional career with barcelona, where he won a club-"
50,what other records did he hold?," most hat-tricks in la liga (36) and the uefa champions league (eight), and most assists"
51,when did he join barcelona," until leaving the club in 2021, he had spent his entire professional career with barcelona, where he won a club"
52,he has won a record of how many goals has he scored?, he has won a record seven ballon d'or awards and a record six european golden
53,"besides the uefa champions league, where did he play?"," barcelona, where he won a club-record 34 trophies,"
54,what else did he do in his career?, he also holds the most international goals by a south american male (103).
55,when did he play for barcelona?," he had spent his entire professional career with barcelona, where he won a club-record 34 troph"
56,"besides barcelona, what other teams did he play for?"," until leaving the club in 2021, he had spent his entire professional career with barcelona,"
57,what position did he play for the team?, forward for and captains both major league soccer club inter miami and the argentina national team. widely regarded as one of
58,what other records did he set?, he also holds the most international goals by a south american male (103).
59,"besides the world cup and uefa champions leagues, what other awards did he receive?", messi holds the records for most goals in la liga (474
60,he won a record seven ballon d'or awards. what is his record?, a record seven ballon d'or awards and a record six european golden
61,what else is significant about the article?," until leaving the club in 2021, he had spent his entire professional career with barcelona, where he won a club-"
62,who did he play for in barcelona?," he had spent his entire professional career with barcelona, where he won a club-record 34 "
63,who did he play for after barcelona?," he had spent his entire professional career with barcelona, where he won a club-record 34 "
64,"besides argentina, what other countries did he play for?", argentine professional footballer who plays as a forward for and captains both major league soccer club inter
65,what team did he play for at that time?," barcelona, where he won a club-record 34 trophies, including ten la liga titles"
66,"in july 2023, did he play for any other teams?"," messi joined american club inter miami in july 2023, winning the 2023 leagues cup"
67,"after that, where did he move?"," messi relocated to spain from argentina aged 13 to join barcelona, for whom he made his competitive debut"
68,where did he go after barcelona?," out of contract, he signed for french club paris saint-germain in august 2021, spending two seasons at the club"
69,what was his greatest accomplishment?," he established himself as an integral player for the club within the next three years, and in his first uninterrupted season in 2008–09 he helped barcel"
70,what happened in 2004?," he made his competitive debut aged 17 in october 2004. he established himself as an integral player for the club within the next three years,"
71,what happened after the 2015 season?," messi assumed captaincy of barcelona in 2018, and won a record sixth ballon d'or in 2019."
72,where was he when he started playing for barcelona?," barcelona, for whom he made his competitive debut aged 17 in october 2004."
73,"after leaving barcelona, where did he go to play?"," he established himself as an integral player for the club within the next three years, and in his first uninterrupted season"
74,"in july 2023, did he win any other awards?"," messi joined american club inter miami in july 2023, winning the 2023 leagues cup in"
75,when did he leave barcelona?," he joined american club inter miami in july 2023, winning the 2023 leagues cup in august of that year."
76,"in his first season, did he set any records?"," during the 2011–12 season, he set the la liga and european records for most goals scored in a single season"
77,what team was he playing for when he joined barcelona?," barcelona, for whom he made his competitive debut aged 17 in october 2004"
78,when did he join?," he established himself as an integral player for the club within the next three years, and in his first uninterrupted season in 2008–09 he helped barcel"
79,what team did he play for?," barcelona, for whom he made his competitive debut aged 17 in october 2004. he established himself as an integral"
80,where was he when he joined barcelona?," he established himself as an integral player for the club within the next three years, and in his first uninterrupted season in 2008"
81,what team did messi play for?," barcelona, for whom he made his competitive debut aged 17 in october 2004. he established himself as an integral"
82,where was he born," argentina aged 13 to join barcelona, for whom he made his competitive debut aged 17 in october 2004."
83,where did he play after that?," out of contract, he signed for french club paris saint-germain in august 2021, spending two seasons at the club and winning "
84,he won the treble for barcelona?," he established himself as an integral player for the club within the next three years, and in his first uninterrupted season in 2008"
85,"in july of that year, where did he go to play after he signed for paris saint-germain?"," out of contract, he signed for french club par"
86,he was the captain of what team?," messi assumed captaincy of barcelona in 2018, and won a record sixth ballon d'or in 2019."
87,"in his first season at barcelona, how did he do?", in his first uninterrupted season in 2008–09 he helped barcelona achieve the first treble
88,when did he sign to barcelona?," aged 13 to join barcelona, for whom he made his competitive debut aged 17 in october 2004."
89,what team was he playing for in spain at the time?, he made his competitive debut aged 17 in october 2004. he established himself as an integral player
90,when did he join barcelona?, he made his competitive debut aged 17 in october 2004. he established himself as an integral player for the club within
91,what team did he play for when he moved to barcelona?," barcelona, for whom he made his competitive debut aged 17 in october"
92,what was he playing in spain?, he made his competitive debut aged 17 in october 2004. he established himself as an integral player for the club within the
93,"in october 2004, where did he move?"," he established himself as an integral player for the club within the next three years, and in his first uninterrupted season in 2008"
94,where did he start his career?," barcelona, for whom he made his competitive debut aged 17 in october 2004. he established himself as an integral"
95,in which country did he play for barcelona?," spain from argentina aged 13 to join barcelona, for whom he made his competitive debut"
96,what else did they win?," he set the la liga and european records for most goals scored in a single season, while establishing himself as barcelona's all"
97,what was the most significant fact mentioned in this article?, in his first uninterrupted season in 2008–09 he helped barcelona achieve the first treble in spanish football;
98,what happened after he moved to barcelona?, in his first uninterrupted season in 2008–09 he helped barcelona achieve the first treble in spanish football
99,in the 2011-2012 season did he set any other records?," the following two seasons, messi finished second for the ballon d'or behind cristiano ronal"
100,what team did he sign with in october 2004?," barcelona, for whom he made his competitive debut aged 17 in october 2004."
101,what else did he do for the barcelona team?," three successful seasons followed, with messi winning four consecutive balls d'or, making him the first player to win"
102,where did he move to?," argentina aged 13 to join barcelona, for whom he made his competitive debut aged 17 in october 2004."
103,what team was he playing for when he moved to barcelona?," barcelona, for whom he made his competitive debut aged 17 in october"
104,what team did he join after barcelona?," out of contract, he signed for french club paris saint-germain in august 2021, spending two seasons at the"
105,what team did he join?, he made his competitive debut aged 17 in october 2004. he established himself as an integral player for the club within the next three
106,when did he join the team?," in october 2004, he made his competitive debut aged 17 in october 2004. he established himself as an integral"
107,he was a good player for barcelona and was a top scorer for them?," during the 2011-12 season, he set the la liga and european"
108,"in his first season with the team, how many goals did he score?", in his first uninterrupted season in 2008–09 he helped barcelona achieve the first treble
109,what happened with the team?," he established himself as an integral player for the club within the next three years, and in his first uninterrupted season in 2008–09 he helped barcel"
110,where did he move to?," barcelona, for whom he made his competitive debut aged 17 in october 2004. he established himself as an integral player"
111,"after that, did he ever move to another club?"," out of contract, he signed for french club paris saint-germain in august 2021, spending two seasons at the"
112,what position did he play?," he helped barcelona achieve the first treble in spanish football; that year, aged 22, messi won his first ballon "
113,what was the most important thing he did in his career?," during the 2011–12 season, he set the la liga and european records for most goals scored in a single"
114,what team was he playing for when he moved to spain?," barcelona, for whom he made his competitive debut aged 17 in october 2004."
115,in october 2004 did he win any awards?," three successful seasons followed, with messi winning four consecutive balls d'or, making him the first player to win"
116,when was he born?, cannotanswer
117,what happened in 2010?," in july 2023, winning a league cup in july of that year."
118,what happened in july 2023?," messi joined american club inter miami in july 2023, winning the 2023 leagues cup in august of that year."
119,"besides the leagues cup and leagues, did he win any other awards?", he became the all-time top scorer in la liga and leading barcelona to
120,what happened in 2004?," messi relocated to spain from argentina aged 13 to join barcelona, for whom he made his competitive debut aged 17 in "
121,in his first year with barcelona did he play for any other teams?," out of contract, he signed for french club paris saint-germain in august 2021"
122,what team did he go to after barcelona?," he signed for french club paris saint-germain in august 2021, spending two seasons at the club and winning"
123,what happened in 2011?," he helped barcelona achieve the first treble in spanish football; that year, aged 22, messi won his first ballon d'"
124,when did he play for barcelona?, he made his competitive debut aged 17 in october 2004. he established himself as an integral player for the club
125,what team did he sign for in october 2004?," barcelona, for whom he made his competitive debut aged 17 in october 2004."
126,"in his first season, what did he do?"," he helped barcelona achieve the first treble in spanish football; that year, aged 22, messi won his"
127,what position did messi play for the barcelona?," he established himself as an integral player for the club within the next three years, and in his first uninterrupted season in 2008"
128,"besides the treble and the treble, what else did he do for barcelona?", in his first uninterrupted season in 2008–09 he helped barcel
129,when did he move to spain?," messi relocated to spain from argentina aged 13 to join barcelona, for whom he made his competitive debut"
130,when did he sign for barcelona?, he made his competitive debut aged 17 in october 2004. he established himself as an integral player for the club
131,"in his first year with barcelona, did he win any other awards?"," he set the la liga and european records for most goals scored in a single season,"
132,what happened in 2005?," he made his competitive debut aged 17 in october 2004. he established himself as an integral player for the club within the next three years,"
133,what happened in 2008?," he helped barcelona achieve the first treble in spanish football; that year, aged 22, messi won his first ballon d'"
134,where did he move after that," he signed for french club paris saint germain in august 2021, spending two seasons at the club and winning ligue 1 twice."
135,what team did messi move to after barcelona?," he signed for french club paris saint-germain in august 2021, spending two seasons at the club and winning"
136,when did he play with barcelona?, in his first uninterrupted season in 2008–09 he helped barcelona achieve the first treble in spanish football;
137,what happened after he joined barcelona?, in his first uninterrupted season in 2008–09 he helped barcelona achieve the first treble in spanish football;
138,what happened after he returned to barcelona?," three successful seasons followed, with messi winning four consecutive balls d'or, making him the first player to win the award"
139,"besides barcelona, did he play for any other teams?"," he joined american club inter miami in july 2023, winning the 2023 leagues cup"
140,"after leaving barcelona, where did he go?"," he signed for french club paris saint-germain in august 2021, spending two seasons at the club and winning"
141,when did he move to barcelona?, in his first uninterrupted season in 2008–09 he helped barcelona achieve the first treble in spanish football;
142,when did he move to barcelona?," messi relocated to spain from argentina aged 13 to join barcelona, for whom he made his"
143,he moved to spain from argentina?, he made his competitive debut aged 17 in october 2004. he established himself as an integral player for the
144,"he was a good player, did he have any notable wins?", in his first uninterrupted season in 2008–09 he helped barcelona achieve the first treble
145,at youth level did he set any records?," at youth level, he won the 2005 fifa world youth championship, finishing the tournament with both the golden ball and golden shoe,"
146,he won the world youth championship with the golden ball?, and an olympic gold medal at the 2008 summer olympics.
147,he won a lot of games at youth level. did he ever play in any other world cups?," he won a record second golden ball, scored seven goals including two"
148,at what age did he become a footballer?," an argentine international, messi is the country's all-time leading goalscorer and also holds the national record"
149,what was the record for appearances?," an argentine international, messi is the country's all-time leading goalscorer and also holds the national record for appearances."
150,"besides the world cup and the olympics, what other achievements did he win?", the olympic gold medal at the 2008 summer olym
151,"at youth level, did he ever win any awards?"," he won both the golden ball and golden shoe, and an olympic gold medal at the 2008 summer o"
152,"in the 2005 fifa world youth championship, did he win any other awards?", and an olympic gold medal at the 2008 summer olympics.
153,"at youth level, did he win any other championships?"," at youth level, he won the 2005 fifa world youth championship, finishing the tournament with both the golden ball"
154,in the olympic games did he win any medals?," he won the 2005 fifa world youth championship, finishing the tournament with both the golden ball and golden"
155,what other records did he have?," he won the 2005 fifa world youth championship, finishing the tournament with both the golden ball and golden shoe, and an olym"
156,he was named youth player of the tournament by whom?," his style of play as a diminutive, left-footed dribbler drew comparisons"
157,"besides the world cup and olympics, did he set any records in other countries?"," he won the 2014 fifa world cup, for which he"
158,"besides the world cup, what else did he win?"," he led argentina to qualify for the 2018 fifa world cup, a third-place finish at"
159,"after his senior debut in august 2005, how did he do?"," after his senior debut in august 2005, messi became the youngest argentine to play and score in a fi"
160,in what year did he retire from international football?," after announcing his international retirement in 2016, he reversed his decision and led his country to qualification for the 2018 fifa"
161,at what age did he play?," an argentine international, messi is the country's all-time leading goalscorer and also holds the national record for appearances."
162,"at youth level, did he ever win anything?"," at youth level, he won the 2005 fifa world youth championship, finishing the tournament with both the golden ball and golden shoe"
163,at what age did he become a professional footballer?, cannotanswer
164,"after his senior debut, did he win any other awards?"," he was named young player of the tournament. as the squad's captain from august 2011, he led argentin"
165,at what age did he play?," a diminutive, left-footed dribbler drew comparisons with his compatriot diego mara"
166,he won a record of how many goals in a world cup in his career?," in 2022, he led argentina to win the 2022 fifa"
167,at youth level did he win any awards?," as the squad's captain from august 2011, he led argentina to three consecutive finals: the 2014 fifa world"
168,"besides the world cup and the olympics, did he have any other notable accomplishments?", he led argentina to qualification for the 2018 fif
169,"after the olympics, did he play in any other games?"," he won the 2014 fifa world cup, for which he won the golden ball,"
170,at what age did messi become a professional?," a senior debut in august 2005, messi became the youngest argentine to play and score in a fifa world"
171,what other achievements did he have?," he won the 2005 fifa world youth championship, finishing the tournament with both the golden ball and golden shoe, and an olym"
172,at youth level did he win any other awards?," he won both the golden ball and golden shoe, and an olympic gold medal at the 2008 summer oly"
173,at what age was he playing for argentina," he won both the golden ball and golden shoe, and an olympic gold medal at the 2008 summer o"
174,at youth level did he win any other awards?," a record second golden ball, scored seven goals including two in the final, and broke the record for most games played at the world"
175,at youth level did he win anything else?," at youth level, he won the 2005 fifa world youth championship, finishing the tournament with both the golden ball and golden shoe,"
176,at what age did he become the youngest argentine to play and score in a fifa world cup?," he won the 2015 copa america, winning the golden"
177,"at youth level, did he set any records?"," at youth level, he won the 2005 fifa world youth championship, finishing the tournament with both the golden ball and golden shoe"
178,in his later career did he win any other awards?," he was named young player of the tournament. as the squad's captain from august 2011, he led argentina"
179,what is the most important fact mentioned in this article?," he won a record second golden ball, scored seven goals including two in the final, and broke the record for most games played"
180,"in the 2022 world cup, where did he score?"," he won a record second golden ball, scored seven goals including two in the final, and broke the record for most"
181,"at youth level, did he have any notable achievements?"," he won both the golden ball and golden shoe, and an olympic gold medal at the 2008 summer o"
182,at what age did he win the olympic gold medal?," he won the 2005 fifa world youth championship, finishing the tournament with both the golden ball and golden"
183,at what age did he retire?, cannotanswer
184,"at youth level, what was his career record?"," at youth level, he won the 2005 fifa world youth championship, finishing the tournament with both the golden ball and golden shoe,"
185,at youth level did he win any other championships?," at youth level, he won the 2005 fifa world youth championship, finishing the tournament with both the golden ball and golden"
186,at what age did he start playing football?," an argentine international, messi is the country's all-time leading goalscorer and also holds the national record for appearance"
187,at youth level did he win anything?," he won the 2005 fifa world youth championship, finishing the tournament with both the golden ball and golden shoe, and an oly"
188,at youth level did he play in any other competitions?," at youth level, he won the 2005 fifa world youth championship, finishing the tournament with both the golden ball"
189,"in his early career, did he play in any other games?"," he won the 2005 fifa world youth championship, finishing the tournament with both the golden ball and golden shoe,"
190,what other records did he hold?," an olympic gold medal at the 2008 summer olympics. his style of play as a diminutive, left"
191,after the olympic games did he win any awards?," he won a record second golden ball, scored seven goals including two in the final, and broke the record"
192,in what year did he retire?," he reversed his decision and led his country to qualification for the 18 fifa world cup, a third-place finish at the 2019"
193,"after his international retirement, did he play anywhere else?"," after announcing his international retirement in 2016, he reversed his decision and led his country to qualification for the 2018 fif"
194,in what year did he retire?," he reversed his decision and led his country to qualification for the 2018 fifa world cup, a third-place finish at the 2019"
195,"at youth level, did he set any records?"," he won both the golden ball and golden shoe, and an olympic gold medal at the 2008 summer oly"
196,"at youth level, was he successful?"," he won the 2005 fifa world youth championship, finishing the tournament with both the golden ball and golden shoe, and an oly"
197,at what age did he start playing?," an argentine international, messi is the country's all-time leading goalscorer and also holds the national record for appearances"
198,"after his international debut in august 2005, did he ever play in a world cup?"," he won the 2005 fifa world youth championship, finishing the tournament with both the"
199,at youth level did he win any other awards?," at youth level, he won the 2005 fifa world youth championship, finishing the tournament with both the golden ball and golden shoe"
200,"besides playing for argentina, did he play for any other team?"," in 2022, he led argentina to win the 2022 fifa world"
201,"after his senior debut in august 2005, did he play any other international games?"," reached the final of the 2007 copa america, where he was named young player of the tournament"
202,what other achievements did he have?," after his senior debut in august 2005, messi became the youngest argentine to play and score in a fifa world cup (2006),"
203,"at youth level, did he win any awards or honors?"," he won the 2005 fifa world youth championship, finishing the tournament with both the golden ball and golden shoe,"
204,at what age did he start playing football?, cannotanswer
205,"after his senior debut, how did his career start?"," at youth level, he won the 2005 fifa world youth championship, finishing the tournament with both the golden ball and golden shoe"
206,at what age did he start playing?, cannotanswer
207,what other records did he set?," an olympic gold medal at the 2008 summer olympics. his style of play as a diminutive, left"
208,what other records did he set?," he won the 2005 fifa world youth championship, finishing the tournament with both the golden ball and golden shoe, and an olym"
209,what is the most important fact in this article?," he won the 2005 fifa world youth championship, finishing the tournament with both the golden ball and golden shoe, and an o"
210,at youth level did he win any other awards," at youth level, he won the 2005 fifa world youth championship, finishing the tournament with both the golden ball and golden shoe,"
211,"besides playing in the world cup, what else did he do in his career?"," he won the 2015 copa america, winning the golden ball, and the 2016 copa"
212,at youth level did he win any other awards?, an olympic gold medal at the 2008 summer olympics. his style of play as a diminu
213,in 2022 did he set any records?," in 2022, he led argentina to win the 2022 fifa world cup, where he won a"
214,"in addition to his international career, did he ever win any other awards?"," he won the 2015 copa america, winning the golden ball, and the 2016 copa america"
215,after winning the world cup did he win any awards?, he was named the fifa world player of the year in 2014 and the 2015 fifa world player of the year
216,what was the national record for appearances?," an argentine international, messi is the country's all-time leading goalscorer and also holds the national record for appearances"
217,"in addition to his international career, what other accomplishments did he have?"," he won the 2005 fifa world youth championship, finishing the tournament with both the golden ball and golden"
218,what was a highlight of his career?," he was named young player of the tournament. as the squad's captain from august 2011, he led argentina to three consecutive"
219,at youth level did he play in any other world cups?," he was named young player of the tournament. as the squad's captain from august 2011, he led argentin"
220,"besides the olympics, what other accomplishments has he had?", messi became the youngest argentine to play and score in a fifa world
221,when did he play for argentina?," at youth level, he won the 2005 fifa world youth championship, finishing the tournament with both the golden ball and golden shoe"
222,"besides goals, did he win any awards?"," he won the 2014 fifa world cup, for which he won the golden ball, the 2015 copa america,"
223,what is he best known for?," he won the 2005 fifa world youth championship, finishing the tournament with both the golden ball and golden shoe, and an olym"
224,what was he known for," he was named young player of the tournament. as the squad's captain from august 2011, he led argentina to three consecutive finals:"
225,"according to forbes, was he paid more than any other player?", he was ranked the world's highest-paid athlete by forbes in 2019 and 2022
226,"according to forbes, did he win any other awards?", he was ranked the world's highest-paid athlete by forbes in 2019 and 2022.
227,"according to forbes, how much did he earn?", he was ranked the world's highest-paid athlete by forbes in 2019 and 2022.
228,"according to afp, did he receive any other awards?", he was ranked the world's highest-paid athlete by forbes in 2019 and 2022.
229,"according to forbes, did he ever win any other awards?"," in 2020, messi became the second footballer and second team-sport athlete to surpass $1 billion in career earnings"
230,"according to forbes, did he receive any other honors?", he was ranked the world's highest-paid athlete by forbes in 2019 and 2022.
231,"according to the article, how many years was he on the team?"," in 2020, messi became the second footballer and second team-sport athlete to surpass $1 billion in career earnings"
232,which other awards did he win?," in 2023, he was named the laureus world sportsman of the year, with messi being the first team-sport athlete to"
233,"in addition, did he win any other awards?"," in october 2018, he was named the laureus world sportsman of the year."
234,"according to france football, how long did he stay with adidas?"," according to france football, he was the world's highest-paid footballer for five years out of"
235,"according to france football, was he paid the highest amount?", he was ranked the world's highest-paid athlete by forbes in 2019 and 2022.
236,"according to france football, how much money did he earn?"," according to france football, he was the world's highest-paid footballer for five years out of six"
237,"according to france football, was he paid more or less for his work than other players?"," according to france football, he was the world's highest-paid footballer"
238,"according to france football, how much money did he make?"," according to france football, he was the world's highest-paid footballer for five years out of six"
239,"according to forbes, how does he feel about that", ranked the world's highest-paid athlete by forbes in 2019 and 2022.
240,which other sports has he played in?," according to france football, he was the world's highest-paid footballer for five years out of six between 2009 and 2014,"
241,"according to france, how much did he make in 2014?"," according to france football, he was the world's highest-paid footballer for five years out of six"
242,"according to forbes, how long did he stay that position?"," in 2020, messi became the second footballer and second team-sport athlete to surpass $1 billion in career earnings"
243,"according to the laureus, how much did he earn?"," in 2022, he became the second footballer and second team-sport athlete to surpass $1 billion in career earnings"
244,"according to the article, was he ever ranked higher?", he was ranked the world's highest-paid athlete by forbes in 2019 and 2022.
245,"according to forbes, how many years was he the highest paid player?"," five years out of six between 2009 and 2014, and was ranked the world's highest-paid"
246,"according to france football, was he the highest paid player for five years out of six?"," according to france football, he was the world's highest-paid footballer"
247,"according to the article, how much did he earn from football?"," according to france football, he was the world's highest-paid footballer for five years out of six"
248,"according to the forbes article, how much did he make in his career?"," according to forbes, he was the world's highest-paid footballer for five"
249,"according to france football, how did he earn that money?"," according to france football, he was the world's highest-paid footballer for five years out of six"
250,"besides adidas, what other sportswear company has he endorsed"," according to france football, he was the world's highest-paid footballer for five years out of six"
251,which other sports has he endorsed?," according to france football, he was the world's highest-paid footballer for five years out of six between 2009 and 2014,"
252,"according to france football, what else did he do in his personal life?"," according to france football, he was the world's highest-paid footballer for five years"
253,"according to france, was he a well paid player?"," according to france football, he was the world's highest-paid footballer for five years out of six"
254,"in addition to adidas, what other companies has he endorsed?"," according to france football, he was the world's highest-paid footballer for five years out of six"
255,"in 2023, did he win any other awards?"," in 2023, he was named the laureus world sportsman of the year, with messi being the first team"
256,"in addition to sportswear company adidas, what other company has he been a sponsor of?"," according to france football, he was the world's highest-paid footballer"
257,"in addition to adidas, what other sportswear company has he endorsed?"," according to francis football, he was the world's highest-paid footballer for five years"
258,"in addition to the laudus, what else did he do in his career?"," in 2020 and 2023, he was named the laureus world sportsman of the year"
259,"according to france football, was he paid the highest amount for his career?"," according to france football, he was the world's highest-paid footballer for five"
260,"according to the forbes website, he was the highest-paid player for how many years?"," five years out of six between 2009 and 2014, and was ranked the world'"
261,"according to the media, did he win any awards?"," in 2020 and 2023, he was named the laureus world sportsman of the year, with messi being the"
262,"according to the laureus, how much did he make?"," in 2020, messi became the second footballer and second team-sport athlete to surpass $1 billion in career earnings."
263,"according to forbes, he was ranked the world's highest-paid player in what year?"," in 2020, messi became the second footballer and second team-sport"
264,"in addition to adidas, what other sportswear company does he own?", he was ranked the world's highest-paid athlete by forbes in 2019 and 2022.
265,"according to forbes, how long was he with them?"," in 2022, messi became the second footballer and second team-sport athlete to surpass $1 billion in career earnings"
266,"in addition to the laurus, did he win any other awards?"," he was named the laureus world sportsman of the year, with messi being the first team"
267,he was named the laureus world sportsman of the year in what year?," in 2020, messi became the second footballer and second team-sport athlete to surpass $1 billion"
268,"according to forbes, did he win any awards?"," in 2020, messi became the second footballer and second team-sport athlete to surpass $1 billion in career earnings."
269,"according to forbes, he has been paid how much?", he was ranked the world's highest-paid athlete by forbes in 2019 and 2022.
270,"according to the laureus, how much money did he make?"," in 2020, messi became the second footballer and second team-sport athlete to surpass $1 billion in career earnings"
271,"according to forbes, how much did he make in career earnings?"," in 2020, he became the second footballer and second team-sport athlete to surpass $1 billion in career"
272,"in addition to adidas and forbes, did he have any other sponsors?"," according to france football, he was the world's highest-paid footballer for five years"
273,"according to the laureus world sportsman of the year, how many years was he on the team?"," in 2020, messi became the second footballer and second team-sport"
274,"in addition to the laurus world sportsman of the year award, did he win any other awards?", in 2016 he was named the laureus world sportsman of the
275,"according to forbes, was he the highest paid player?", he was ranked as the world's highest-paid athlete by forbes in 2019 and 2022.
276,"in addition to adidas, did he win any other awards?"," he was named the laureus world sportsman of the year, with messi being the first team-sport athlete"
277,"according to forbes, he was ranked at what rank?", world's highest-paid athlete by forbes in 2019 and 2022.
278,"according to forbes, how much did he make?"," in 2020, messi became the second footballer and second team-sport athlete to surpass $1 billion in career earnings."
279,"according to france football, did he receive any awards for his career?", he was the world's highest-paid footballer for five years out of six between 2009 and
280,"in the year 2023, did he win any other awards?"," in 2023, he was named the laurus world sportsman of the year, with messi being the"
281,"according to forbes, was he the highest-paid player for five years out of six?"," according to france football, he was the world's highest-paid football"
282,"according to the article, how much did he earn from playing?"," according to france football, he was the world's highest-paid footballer for five years out of six"
283,"according to forbes, how many years did he play for them?"," five years out of six between 2009 and 2014, and was ranked the world's highest-paid athlete"
284,"according to france football, how much did he make in 2014?"," according to france football, he was the world's highest-paid footballer for five years out of"
285,"according to forbes, how long did he stay with them?"," in 2022, messi became the second footballer and second team-sport athlete to surpass $1 billion in career"
286,"according to forbes, did he have any other endorsements?", he was ranked the world's highest-paid athlete by forbes in 2019 and 2022.
287,"according to francois football, how much did he earn?"," according to france football, he was the world's highest-paid footballer for five years out of"
288,he was the highest paid player for how many years?, he was ranked the world's highest-paid athlete by forbes in 2019 and 2022.
289,"according to the laurus, did he win any awards?"," he was named the laureus world sportsman of the year, with messi being the first team-sport"
290,"according to forbes, how long did he play?"," in 2020, messi became the second footballer and second team-sport athlete to surpass $1 billion in career earnings."
291,"according to the article, how much money did he make as a player?"," according to france football, he was the world's highest-paid footballer for five years"
292,"according to forbes, did he make more money than he earned?", he was ranked the world's highest-paid athlete by forbes in 2019 and 20
293,"in addition to adidas, what else did he do in his personal life?"," according to france football, he was the world's highest-paid footballer for five years out"
294,"according to forbes, was he a well paid player?"," according to france football, he was the world's highest-paid footballer for five years out of"
295,"in addition to adidas, did he have any other sportswear brands?"," according to france football, he was the world's highest-paid footballer for five years out of"
296,"according to france football, how much did he make in his career?"," according to france football, he was the world's highest-paid footballer for five years"
297,"besides adidas, did he win any awards for sports?"," messi has endorsed sportswear company adidas since 2006. according to france football, he was the world's highest"
298,"according to forbes, how much money did he make as a player?"," according to france football, he was the world's highest-paid footballer for five"
299,"according to afp, how did he do as a player?"," according to france football, he was the world's highest-paid footballer for five years"
300,"according to the forbes website, was he paid more than any other player?"," according to france football, he was the world's highest-paid footballer for five"
301,"in addition to that, has he won any other awards?"," in 2020, messi became the second footballer and second team-sport athlete to surpass $1 billion in career earnings."
302,"according to forbes, did he earn more than $1 billion?"," in 2020, messi became the second footballer and second team-sport athlete to surpass $1 billion in career earnings"
303,"besides adidas, did he have any other  endorsements?"," according to france football, he was the world's highest-paid footballer for five years out of six"
304,"according to forbes, how long did he play?", and was ranked the world's highest-paid athlete by forbes in 2019 and 2022.
305,"according to forbes, how long did he play for them?"," in 2020, messi became the second footballer and second team-sport athlete to surpass $1 billion in career earnings"
306,"according to the laureus, how much did he earn?"," he was named the laureus world sportsman of the year, with messi being the first team-sport"
307,"according to afp, he was the highest-paid player for how many years?"," five years out of six between 2009 and 2014, and was ranked the world's"
308,"according to france football, how much money was he paid for his playing career?"," according to france football, he was the world's highest-paid footballer for five"
309,"according to the french footballer, how long has he been a player?"," according to france football, he was the world's highest-paid footballer for five years"
310,"besides his mother, who was he raised by?"," celia cuccittini, who worked in a magnet manufacturing workshop. on his father's side,"
311,when did he start playing football?," playing constantly with his older brothers, rodrigo and matas, and his cousins, maximiliano and emanu"
312,"besides his father and mother, what else was interesting about his family?"," on his father's side, he is of italian and spanish descent, the great-grandson of"
313,"besides his father and mother, what else did he have in his family?"," his mother, celia cuccittini, who worked in a magnet manufacturing workshop"
314,when did he join his first team?," at the age of four he joined local club grandoli, where he was coached by his father, though his earliest influence as"
315,what happened in 1987?," joel messi, a steel factory manager, and his wife celia cuccittini, who worked in a magnet manufacturing"
316,what was his first team he played with?," local club grandoli, where he was coached by his father, though his earliest influence as a player came from his maternal"
317,when did he get into football?," playing constantly with his older brothers, rodrigo and matas, and his cousins, maximiliano and emanu"
318,what was he like as a child?," growing up in a tight-knit, football-loving family, ""leo"" developed a passion for the sport"
319,what happened after he joined the local club?, he also played for the club in the uefa cup and he made it to the finals as a goal
320,when did he begin playing football?," playing constantly with his older brothers, rodrigo and matas, and his cousins, maximiliano and emanu"
321,what else did he do as a child?," growing up in a tight-knit, football-loving family, ""leo"" developed a passion for the"
322,what happened after that?," at the age of four he joined local club grandoli, where he was coached by his father, though his earliest influence as a player came"
323,what team did he play for?," local club grandoli, where he was coached by his father, though his earliest influence as a player came from his maternal grandmother,"
324,when did he start playing soccer?," playing constantly with his older brothers, rodrigo and matas, and his cousins, maximiliano and emanu"
325,when was he born?, 24 june 1987
326,what was his childhood like?," growing up in a tight-knit, football-loving family, ""leo"" developed a passion for the sport from an early age"
327,what was his early years like?," playing constantly with his older brothers, rodrigo and matas, and his cousins, maximiliano and emanue"
328,what was his early life like?," growing up in a tight-knit, football-loving family, ""leo"" developed a passion for the sport from an early"
329,when was he born," 24 june 1987 in rosario, santa fe, the third of four children of jorge messi, a steel"
330,what happened in 1987?," jorge messi, a steel factory manager, and his wife celia cuccittini, who worked in a magnet manufacturing workshop"
331,when did he join football?," at the age of four he joined local club grandoli, where he was coached by his father, though his earliest influence as a"
332,what happened after he joined?," at the age of four he joined local club grandoli, where he was coached by his father, though his earliest influence as a"
333,"besides his mother and father, who were his parents?"," celia cuccittini, who worked in a magnet manufacturing workshop. on his father's side,"
334,when did he begin playing soccer?," playing constantly with his older brothers, rodrigo and matas, and his cousins, maximiliano and emanu"
335,what happened to his mother?," celia cuccittini, who worked in a magnet manufacturing workshop. on his father's side, he is of italian and"
336,who were his parents?," jorge messi, a steel factory manager, and his wife celia cuccittini, who worked in a magnet manufacturing workshop"
337,what did he do as a child?," growing up in a tight-knit, football-loving family, ""leo"" developed a passion for the sport"
338,"besides his mother, who was his father?"," celia cuccittini, who worked in a magnet manufacturing workshop. on his father's side, he"
339,what was the first team he played for?," local club grandoli, where he was coached by his father, though his earliest influence as a player came from his maternal"
340,what team did he join at the age of four?," local club grandoli, where he was coached by his father, though his earliest influence as a player came"
341,what did his family do," jorge messi, a steel factory manager, and his wife celia cuccittini, who worked in a magnet manufacturing workshop"
342,"besides his mother and father, what else did they do?"," celia cuccittini, who worked in a magnet manufacturing workshop. on his father's side"
343,"besides his mother, what else is interesting about his early childhood?"," he was greatly affected by her death, shortly before his eleventh birthday; since then, as a dev"
344,he was the only child of his father and what was his fathers profession?," steel factory manager, and his wife celia cuccittini, who worked in "
345,what was the name of his father," jorge messi, a steel factory manager, and his wife celia cuccittini, who worked in a magnet"
346,when did he start playing?," playing constantly with his older brothers, rodrigo and matas, and his cousins, maximiliano and emanue"
347,"he was raised in a tight-knit family, what sport did he play?"," football-loving family, ""leo"" developed a passion for the sport"
348,what did his parents do?," jorge messi, a steel factory manager, and his wife celia cuccittini, who worked in a magnet manufacturing"
349,when did he join the team?," at the age of four he joined local club grandoli, where he was coached by his father, though his earliest influence as"
350,what happened to him as a child," growing up in a tight-knit, football-loving family, ""leo"" developed a passion for the sport from an"
351,what else did you find interesting in this article?," growing up in a tight-knit, football-loving family, ""leo"" developed a passion for the sport"
352,when did he join?," at the age of four he joined local club grandoli, where he was coached by his father, though his earliest influence as a player"
353,when did he start playing?," at the age of four he joined local club grandoli, where he was coached by his father, though his earliest influence as a"
354,he has a mother and a father. where did he go to school?, cannotanswer
355,what team did he play for at the age of four?," local club grandoli, where he was coached by his father, though his earliest influence as a player came"
356,what team did he play for as a child?," local club grandoli, where he was coached by his father, though his earliest influence as a player came from"
357,what was the most memorable thing about his early years?," growing up in a tight-knit, football-loving family, ""leo"" developed a passion for the"
358,who was his father?," jorge messi, a steel factory manager, and his wife celia cuccittini, who worked in a magnet manufacturing workshop"
359,what happened in the early years?," at the age of four he joined local club grandoli, where he was coached by his father, though his earliest influence as a"
360,what was his early childhood like?," growing up in a tight-knit, football-loving family, ""leo"" developed a passion for the sport from an early"
361,what was his mother's name," celia cuccittini, who worked in a magnet manufacturing workshop. on his father's side, he is of italian"
362,what else did he do in his early life?," growing up in a tight-knit, football-loving family, ""leo"" developed a passion for the"
363,where was he born," rosario, santa fe, the third of four children of jorge messi, a steel factory manager, and his wife"
364,what did he do in his early years?," growing up in a tight-knit, football-loving family, ""leo"" developed a passion for the sport"
365,what happened after the injury?," he was scouted by buenos aires club river plate, whose playmaker, pablo aimar, he idol"
366,what happened in the early years of rso?," a lifelong supporter of newell's old boys, messi joined the rosario club when he was"
367,who did he play for in the rosario?," a lifelong supporter of newell's old boys, messi joined the rosario club when he was"
368,he played for the club for six years before playing for newell's., rosario club when he was six years old. during the six years he played for new
369,when did he join rosario?," a lifelong supporter of newell's old boys, messi joined the rosario club when he was six years old"
370,what year did he join newell's?," aged 10, he was diagnosed with a growth hormone deficiency. as his father's health insurance covered only two years"
371,who was rosario club?," rosario club when he was six years old. during the six years he played for newell's, he scored almost 500 goals"
372,what was the name of the club that he played for rosario?, rosario club when he was six years old. during the six years he played for newell
373,what happened to ronaldo," ronaldo's career ended at the age of 21 with newell's old boys, and messi signed with newell'"
374,where did he grow up?," rosario club when he was six years old. during the six years he played for newell's, he scored almost 500 goals"
375,when did he go to newell's?," a lifelong supporter of newell's old boys, messi joined the rosario club when he was six"
376,when did he leave newell's?," in january 2015, he signed a four-year contract with the team for a record sum of $2.4 million"
377,the machine of '87 was a youth team named after who?," the year of their birth, and regularly entertained crowds by performing ball tricks during half-time of the first"
378,what was the rosario?," rosario club when he was six years old. during the six years he played for newell's, he scored almost 500 goals"
379,when did he begin playing for newell's?, he joined the rosario club when he was six years old. during the six years he played for newell
380,when was he diagnosed with a deficiency?," aged 10, he was diagnosed with a growth hormone deficiency. as his father's health insurance covered only"
381,what year was he diagnosed?," aged 10, he was diagnosed with a growth hormone deficiency. as his father's health insurance covered only two years of growth hormone treatment"
382,what was his role with newell's old boys?," a lifelong supporter of newell's old boys, messi joined the rosario club when he was"
383,what is the most interesting aspect of the article?," he was scouted by buenos aires club river plate, whose playmaker, pablo aimar"
384,in his early years did he play in a team with a lot of success?," during the six years he played for newell's, he scored almost 500 goals"
385,when did he join newell's old boys?," a lifelong supporter of newell's old boys, messi joined the rosario club when he was"
386,when did he leave newell's old boys?," however, his future as a professional player was threatened when, aged 10, he was diagnosed with a growth hormone defic"
387,he was diagnosed with what?," a growth hormone deficiency. as his father's health insurance covered only two years of growth hormone treatment, which cost at least $1,000"
388,when did messi join newell's old boys?," a lifelong supporter of newell's old boys, messi joined the rosario club when he was"
389,when did he start playing?," rosario club when he was six years old. during the six years he played for newell's, he scored almost 500 goals"
390,what was rosario club?," rosario club when he was six years old. during the six years he played for newell's, he scored almost 500 goals"
391,which team did he play for?," rosario club when he was six years old. during the six years he played for newell's, he scored almost 500"
392,when did he start playing for newell's?," a lifelong supporter of newell's old boys, messi joined the rosario club when he was"
393,he was diagnosed with a growth hormone deficiency when?," aged 10, he was diagnosed with a growth hormone deficiency."
394,who did he play for?," during the six years he played for newell's, he scored almost 500 goals as a member of ""the machine of '87"
395,what was the rosario club?," rosario club when he was six years old. during the six years he played for newell's, he scored almost 500"
396,what happened at newells old boys?," a lifelong supporter of newell's old boys, messi joined the rosario club when he was six years old"
397,when did he start playing for newell's?, he joined the rosario club when he was six years old. during the six years he played for newell
398,what happened at the rosario club?," a lifelong supporter of newell's old boys, messi joined the rosario club when he was six years old"
399,what happened after that," he was scouted by buenos aires club river plate, whose playmaker, pablo aimar, he idolised,"
400,what happened in '87?," during the six years he played for newell's, he scored almost 500 goals as a member of ""the machine of '87"
401,what else did you find interesting about his early career?," however, his future as a professional player was threatened when, aged 10, he was diagnosed with a growth hormone defici"
402,during his time with newell's was he well liked?," he scored almost 500 goals as a member of ""the machine of '87"", the near-unbeat"
403,what was the name of his team," the machine of '87"", the near-unbeatable youth side named for the year of their birth, and regularly entertained crowds by performing ball"
404,when did he start playing?," during the six years he played for newell's, he scored almost 500 goals as a member of ""the machine of '87"
405,what else was interesting in this article?," he was scouted by buenos aires club river plate, whose playmaker, pablo aimar, "
406,what else did you find interesting about the article?," however, his future as a professional player was threatened when, aged 10, he was diagnosed with a growth hormone deficiency"
407,"besides rosario, what other club did he play for?"," he was scouted by buenos aires club river plate, whose playmaker, pa"
408,when did he join the rosario club?," during the six years he played for newell's, he scored almost 500 goals as a member of ""the machine"
409,what did he do in the rosario club?," a lifelong supporter of newell's old boys, messi joined the rosario club when he was"
410,what else did the club do?," he regularly entertain crowds by performing ball tricks during half-time of the first team's home games. however, his future as a professional"
411,what happened in the rosario club?," a lifelong supporter of newell's old boys, messi joined the rosario club when he was six years old"
412,"after playing with the rosario club for six years, was he a successful player?"," during the six years he played for newell's, he scored almost 500"
413,the machine of 87 was named after whom?, cannotanswer
414,what happened to him as a child?," a lifelong supporter of newell's old boys, messi joined the rosario club when he was six years old"
415,what happened to him as a youth?," during the six years he played for newell's, he scored almost 500 goals as a member of ""the machine of "
416,he also played for a team that was named after who?," newell's old boys, he joined the rosario club when he was six years old."
417,when did he start playing for the rosario?," a lifelong supporter of newell's old boys, messi joined the rosario club when he was"
418,when did he leave newell's old boys?, he joined the rosario club when he was six years old. during the six years he played for newell
419,what was he playing for newell's old boys," a lifelong supporter of newell's old boys, messi joined the rosario club when he was"
420,what year did he leave newell's old boys?," aged 8, he was diagnosed with a growth hormone deficiency. as his father's health insurance covered only"
421,what team did he start playing with at the age of 6?, rosario club when he was six years old. during the six years he played for newell's
422,which team did he join?," rosario club when he was six years old. during the six years he played for newell's, he scored almost 500 goals"
423,what else happened in the early years of his playing career?," however, his future as a professional player was threatened when, aged 10, he was diagnosed with a growth hormone defic"
424,when did he join the rosario club?," a lifetime supporter of newell's old boys, messi joined the rosario club when he was six years"
425,who did he work with?," rosario club when he was six years old. during the six years he played for newell's, he scored almost 500 goals"
426,what else did he do in his youth career?," during the six years he played for newell's, he scored almost 500 goals as a member of ""the machine"
427,who was rosario?," the rosario club when he was six years old. during the six years he played for newell's, he scored almost 500 goals"
428,who did he play with?," rosario club when he was six years young. during the six years he played for newell's, he scored almost 500 goals"
429,during his time with newell's did he win any awards?, cannotanswer
430,what else did they offer him," he was scouted by buenos aires club river plate, whose playmaker, pablo aimar, he idol"
431,when did he join newell's?," a lifelong supporter of newell's old boys, messi joined the rosario club when he was six years"
432,when did he join newell's?," a lifetime supporter of newell's old boys, messi joined the rosario club when he was six years old"
433,what happened to ronaldo in his early years," his goalscoring idol growing up was ronaldo, with messi calling him ""the best forward i'"
434,what was his first team?," the rosario club when he was six years old. during the six years he played for newell's, he scored almost 500 goals"
435,what team was he a member of at the time?," rosario club when he was six years old. during the six years he played for newell's,"
436,who did he play for?," rosario club when he was six years old. during the six years he played for newell's, he scored almost 500 goals"
437,what was the machine of '87?," the near-unbeatable youth side named for the year of their birth, and regularly entertained crowds by performing ball tricks during half-time"
438,what did he do for them," during the six years he played for newell's, he scored almost 500 goals as a member of ""the machine of '87"
439,when did he go to newell's?," a lifetime supporter of newell's old boys, messi joined the rosario club when he was six years"
440,what else happened during the time he played?," however, his future as a professional player was threatened when, aged 10, he was diagnosed with a growth hormone deficiency"
441,what happened to ronaldo in his youth career?, cannotanswer
442,what happened to barcelona in 2002," as the messi family had relatives in catalonia, they sought to arrange a trial with barcelona in september 2000."
443,"as a child, was he good in the team?"," a week after experiencing a broken jaw during a league match, messi was allowed to start the game on the"
444,when did he join barcelona?," as the messi family had relatives in catalonia, they sought to arrange a trial with barcelona in september 2000"
445,what did he do in the barcelona youth academy?," a year at barcelona's youth academy, la masia, messi was finally enrolled"
446,what happened in 2002?," after a year at barcelona's youth academy, la masia, messi was finally enrolled in the royal spanish football feder"
447,"as a foreigner in spain, how did he integrate into the team?"," already reserved by nature, he was so quiet that his teammates initially believed he was mut"
448,what happened to him in 2002?," a week after suffering a broken cheekbone during a league match, messi was allowed to start the game on the condition that he wear"
449,"as a foreigner, how did he integrate into the team?"," already reserved by nature, he was so quiet that his teammates initially believed he was mute."
450,what happened in 2001?," the family relocated to barcelona, where they moved into an apartment near the club's stadium, camp nou. during his first year in spain"
451,"in 2003, where did he go?"," barcelona moved to barcelona from rosario, and moved to a new apartment near the stadium, camp nou."
452,"besides his injury, was there anything else interesting?"," a week after suffering a broken cheekbone during a league match, messi was allowed to start the game on the condition"
453,when did he move to barcelona?," a year at barcelona's youth academy, la masia, messi was finally enrolled in the royal"
454,"after completing his growth hormone treatment, did he join barcelona?"," after a year at barcelona's youth academy, la masia, messi"
455,when did he move to barcelona?," in february 2001, the family relocated to barcelona, where they moved into an apartment near the club's"
456,what happened with the barcelona?," as the messi family had relatives in catalonia, they sought to arrange a trial with barcelona in september 2000."
457,what team did he join after barcelona?," after a year at barcelona's youth academy, la maasia, messi was finally enrolled in the"
458,what happened to him as a youth," first team director charly rexach immediately wanted to sign him, but the board of directors hesitated; at the time it was highly"
459,what else did he do in his early years?," after a year at barcelona's youth academy, la masia, messi was finally enrolled in the"
460,when did he join barcelona?, they sought to arrange a trial with barcelona in september 2000. first team director charly rexach immediately
461,when was he a youth player?," as the messi family had relatives in catalonia, they sought to arrange a trial with barcelona in september 2000."
462,when did he join?," a year at barcelona's youth academy, la masia, messi was finally enrolled in the royal spanish football feder"
463,"as a youth player, how did he perform?"," he was top scorer with 36 goals in 30 games for the cadetes a, who won an unprecedented tre"
464,"as a youth player, did he play for any other team?", cannotanswer
465,when did he join barcelona?, he sought to arrange a trial with barcelona in september 2000. first team director charly rexach
466,what did he do in barcelona?," he was top scorer with 36 goals in 30 games for the cadetes a, who won an unprecedented treble"
467,"after signing with the team, was he able to integrate into the team?"," already reserved by nature, he was so quiet that his teammates initially believed he was mute"
468,when did he leave?," he received an offer to join arsenal, his first from a foreign club, but while fàbregas and piqué soon left for eng"
469,when did he move to spain?," as the messi family had relatives in catalonia, they sought to arrange a trial with barcelona in september 2000."
470,what happened in the 2002-2003 season?," he was top scorer with 36 goals in 30 games for the cadetes a, who won an unprecedented treble of the"
471,he had a good time with barcelona and his family., cannotanswer
472,when did he play for barcelona?," as the messi family had relatives in catalonia, they sought to arrange a trial with barcelona in september"
473,when was he signed?," on 14 december, an ultimatum was issued for barcelona to prove their commitment, and rexach, with no other paper"
474,what did he do after that?," he was top scorer with 36 goals in 30 games for the cadetes a, who won an unprecedented treble of the league"
475,what was he like in barcelona?," a year at barcelona's youth academy, la masia, messi was finally enrolled in the royal"
476,what happened after this?," a week after suffering a broken cheekbone during a league match, messi was allowed to start the game on the condition that he wear a"
477,"as a child, did he play for barcelona?"," the family relocated to barcelona, where they moved into an apartment near the club's stadium,"
478,"besides playing for barcelona, did he ever play in any other competition?"," he befriended his teammates, among whom were cesc fàbre"
479,"after he was released, did he stay with the team?"," at the close of the season, he received an offer to join arsenal, his first from a foreign club,"
480,when was he signed?," on 14 november, an ultimatum was issued for barcelona to prove their commitment, and rexach, with no other paper"
481,what happened after he signed with barcelona?," he was top scorer with 36 goals in 30 games for the cadetes a, who won an unprecedented tre"
482,"after playing for barcelona, did he join any other teams?"," at home, he suffered from homesickness after his mother moved back to rosario with his brothers"
483,what did he do with barcelona?," as the messi family had relatives in catalonia, they sought to arrange a trial with barcelona in september"
484,what team did he play for in spain?," barcelona's greatest-ever youth side. during his first full season (2002–03), he was top score"
485,what was the most important thing about his early years?," a week after suffering a broken cheekbone during a league match, messi was allowed to start the game on the condition"
486,"after he was enrolled in the royal spanish football federation, did he make it?", he was allowed to start the game on the condition that he wear 
487,"as a foreign player, did he do well?"," during his first year in spain, messi rarely played with the infantiles due to a transfer conflict with newell"
488,when did he start playing for barcelona?," as the messi family had relatives in catalonia, they sought to arrange a trial with barcelona in sept"
489,what happened in the early years?," as the messi family had relatives in catalonia, they sought to arrange a trial with barcelona in september 2000."
490,what was the most interesting aspect of this article?," a week after suffering a broken cheekbone during a league match, messi was allowed to start the game on the condition that"
491,"besides barcelona and arsenal, did he ever play for any other team?"," he received an offer to join arsenal, his first from a foreign club, but while"
492,"after signing, did he stay in spain?"," in february 2001, the family relocated to barcelona, where they moved into an apartment near the club's"
493,"as a youth team, did he have any struggles?"," he struggled to integrate into the team; already reserved by nature, he was so quiet that his teammates initially believed"
494,when did he join the team?," he was top scorer with 36 goals in 30 games for the cadetes a, who won an unprecedented treble of the league"
495,after a year at what academy was he signed?," la masia, messi was finally enrolled in the royal spanish football federation (rfef"
496,what was the first team he played for in spain?," barcelona's youth academy, la masia, messi was finally enrolled in the royal spanish"
497,"as a youngster, did he ever play for barcelona?"," as the messi family had relatives in catalonia, they sought to arrange a trial with bar"
498,what happened with the injury?," a week after suffering a broken cheekbone during a league match, messi was allowed to start the game on the condition that he wear "
499,"after the injury he returned to barcelona, where did he stay?"," in february 2001, the family relocated to barcelona, where they moved into"
500,what else is interesting?," a week after suffering a broken cheekbone during a league match, messi was allowed to start the game on the condition that he wear a"
501,what position did he play?," a week after suffering a broken cheekbone during a league match, messi was allowed to start the game on the condition that he wear"
502,what team did he sign with after barcelona?," barcelona in september 2000. first team director charly rexach immediately wanted to sign him,"
503,when did he play for barcelona," as the messi family had relatives in catalonia, they sought to arrange a trial with barcelona in september 2000"
504,"after he retired, did he play for any other clubs?"," at the close of the season, he received an offer to join arsenal, his first from a foreign club,"
505,what did he do with the team?," after a year at barcelona's youth academy, la masia, messi was finally enrolled in the royal span"
506,what happened after his first season?," a week after suffering a broken cheekbone during a league match, messi was allowed to start the game on the condition that he wear"
507,what happened after he left?," he received an offer to join arsenal, his first from a foreign club, but while fàbregas and piqué soon left for "
508,what team was he playing against at the time?," barcelona's youth academy, la maasia, messi was finally enrolled in the royal spanish football feder"
509,after a year at what?," la maasia, messi was finally enrolled in the royal spanish football federation (rfef) in february 2002."
510,what happened during his time with barcelona?," he was top scorer with 36 goals in 30 games for the cadetes a, who won an unprecedented treble"
511,when did he move to barcelona," in february 2001, the family relocated to barcelona, where they moved into an apartment near the club's stadium"
512,when did he leave barcelona?," in february 2001, the family relocated to barcelona, where they moved into an apartment near the club's stadium"
